Workbook

Sheet Student Database
A5: Date Of Birth | B5: Roll No. | C5: Name | D5: Class | E5: Subjects | L5: Total Marks | M5: Marks Obtained | N5: Percentage | O5: Grade | P5: Result | Q5: Rank
E6: Maths | F6: Science | G6: Social Studies | H6: Nepali | I6: Health | J6: English | K6: General knowledge
A7: 58148 | B7: 1 | C7: Abishek Subedi | D7: 8 | E7: 88 | F7: 67 | G7: 74 | H7: 88 | I7: 99 | J7: 97 | K7: 96 | L7: 700 | M7: =SUM(E7:K7) -> 609 | N7: =M7/700 -> 0.87 | O7: =IF(N7>=0.8,"Distinction",IF(N7>=0.7,"First Division",IF(N7>=0.6,"Second Division",IF(N7>=0.5,"Third Division",IF(N7>=0.4,"Pass","fail"))))) -> Distinction | P7: =IF($E7>=40,"pass","Fail") -> pass | Q7: =RANK(N7,$N$7:$N$30) -> 1
A8: 58149 | B8: 2 | C8: Aisha Nepal | D8: 8 | E8: 57 | F8: 68 | G8: 75 | H8: 44 | I8: 66 | J8: 77 | K8: 75 | L8: 700 | M8: =SUM(E8:K8) -> 462 | N8: =M8/700 -> 0.66 | O8: =IF(N8>=0.8,"Distinction",IF(N8>=0.7,"First Division",IF(N8>=0.6,"Second Division",IF(N8>=0.5,"Third Division",IF(N8>=0.4,"Pass","fail"))))) -> Second Division | P8: =IF($E8>=40,"pass","Fail") -> pass | Q8: =RANK(N8,$N$7:$N$30) -> 17
A9: 58150 | B9: 3 | C9: Bibek Thapa | D9: 8 | E9: 56 | F9: 69 | G9: 76 | H9: 67 | I9: 76 | J9: 78 | K9: 76 | L9: 700 | M9: =SUM(E9:K9) -> 498 | N9: =M9/700 -> 0.71142857 | O9: =IF(N9>=0.8,"Distinction",IF(N9>=0.7,"First Division",IF(N9>=0.6,"Second Division",IF(N9>=0.5,"Third Division",IF(N9>=0.4,"Pass","fail"))))) -> First Division | P9: =IF($E9>=40,"pass","Fail") -> pass | Q9: =RANK(N9,$N$7:$N$30) -> 10
A10: 58151 | B10: 4 | C10: Bijeta limbu | D10: 8 | E10: 76 | F10: 70 | G10: 77 | H10: 68 | I10: 76 | J10: 79 | K10: 77 | L10: 700 | M10: =SUM(E10:K10) -> 523 | N10: =M10/700 -> 0.74714286 | O10: =IF(N10>=0.8,"Distinction",IF(N10>=0.7,"First Division",IF(N10>=0.6,"Second Division",IF(N10>=0.5,"Third Division",IF(N10>=0.4,"Pass","fail"))))) -> First Division | P10: =IF($E10>=40,"pass","Fail") -> pass | Q10: =RANK(N10,$N$7:$N$30) -> 4
A11: 58152 | B11: 5 | C11: Deepan Ghimire | D11: 8 | E11: 66 | F11: 71 | G11: 78 | H11: 69 | I11: 67 | J11: 80 | K11: 78 | L11: 700 | M11: =SUM(E11:K11) -> 509 | N11: =M11/700 -> 0.72714286 | O11: =IF(N11>=0.8,"Distinction",IF(N11>=0.7,"First Division",IF(N11>=0.6,"Second Division",IF(N11>=0.5,"Third Division",IF(N11>=0.4,"Pass","fail"))))) -> First Division | P11: =IF($E11>=40,"pass","Fail") -> pass | Q11: =RANK(N11,$N$7:$N$30) -> 7
A12: 58153 | B12: 6 | C12: Dipa Katwal | D12: 8 | E12: 59 | F12: 72 | G12: 79 | H12: 70 | I12: 78 | J12: 81 | K12: 79 | L12: 700 | M12: =SUM(E12:K12) -> 518 | N12: =M12/700 -> 0.74 | O12: =IF(N12>=0.8,"Distinction",IF(N12>=0.7,"First Division",IF(N12>=0.6,"Second Division",IF(N12>=0.5,"Third Division",IF(N12>=0.4,"Pass","fail"))))) -> First Division | P12: =IF($E12>=40,"pass","Fail") -> pass | Q12: =RANK(N12,$N$7:$N$30) -> 5
A13: 58154 | B13: 7 | C13: Dinesh Khatri | D13: 8 | E13: 58 | F13: 73 | G13: 80 | H13: 71 | I13: 33 | J13: 11 | K13: 80 | L13: 700 | M13: =SUM(E13:K13) -> 406 | N13: =M13/700 -> 0.58 | O13: =IF(N13>=0.8,"Distinction",IF(N13>=0.7,"First Division",IF(N13>=0.6,"Second Division",IF(N13>=0.5,"Third Division",IF(N13>=0.4,"Pass","fail"))))) -> Third Division | P13: =IF($E13>=40,"pass","Fail") -> pass | Q13: =RANK(N13,$N$7:$N$30) -> 22
A14: 58155 | B14: 8 | C14: Elina Gautam | D14: 8 | E14: 15 | F14: 74 | G14: 81 | H14: 65 | I14: 11 | J14: 97 | K14: 81 | L14: 700 | M14: =SUM(E14:K14) -> 424 | N14: =M14/700 -> 0.60571429 | O14: =IF(N14>=0.8,"Distinction",IF(N14>=0.7,"First Division",IF(N14>=0.6,"Second Division",IF(N14>=0.5,"Third Division",IF(N14>=0.4,"Pass","fail"))))) -> Second Division | P14: =IF($E14>=40,"pass","Fail") -> Fail | Q14: =RANK(N14,$N$7:$N$30) -> 21
A15: 58156 | B15: 9 | C15: Ganesh shah | D15: 8 | E15: 58 | F15: 75 | G15: 82 | H15: 34 | I15: 13 | J15: 11 | K15: 82 | L15: 700 | M15: =SUM(E15:K15) -> 355 | N15: =M15/700 -> 0.50714286 | O15: =IF(N15>=0.8,"Distinction",IF(N15>=0.7,"First Division",IF(N15>=0.6,"Second Division",IF(N15>=0.5,"Third Division",IF(N15>=0.4,"Pass","fail"))))) -> Third Division | P15: =IF($E15>=40,"pass","Fail") -> pass | Q15: =RANK(N15,$N$7:$N$30) -> 24
A16: 58157 | B16: 10 | C16: Gita Ban | D16: 8 | E16: 58 | F16: 76 | G16: 83 | H16: 35 | I16: 43 | J16: 55 | K16: 45 | L16: 700 | M16: =SUM(E16:K16) -> 395 | N16: =M16/700 -> 0.56428571 | O16: =IF(N16>=0.8,"Distinction",IF(N16>=0.7,"First Division",IF(N16>=0.6,"Second Division",IF(N16>=0.5,"Third Division",IF(N16>=0.4,"Pass","fail"))))) -> Third Division | P16: =IF($E16>=40,"pass","Fail") -> pass | Q16: =RANK(N16,$N$7:$N$30) -> 23
A17: 58158 | B17: 11 | C17: Hari kafle | D17: 8 | E17: 97 | F17: 77 | G17: 84 | H17: 36 | I17: 66 | J17: 56 | K17: 46 | L17: 700 | M17: =SUM(E17:K17) -> 462 | N17: =M17/700 -> 0.66 | O17: =IF(N17>=0.8,"Distinction",IF(N17>=0.7,"First Division",IF(N17>=0.6,"Second Division",IF(N17>=0.5,"Third Division",IF(N17>=0.4,"Pass","fail"))))) -> Second Division | P17: =IF($E17>=40,"pass","Fail") -> pass | Q17: =RANK(N17,$N$7:$N$30) -> 17
A18: 58159 | B18: 12 | C18: Ishan Thapa | D18: 8 | E18: 48 | F18: 78 | G18: 85 | H18: 66 | I18: 45 | J18: 57 | K18: 47 | L18: 700 | M18: =SUM(E18:K18) -> 426 | N18: =M18/700 -> 0.60857143 | O18: =IF(N18>=0.8,"Distinction",IF(N18>=0.7,"First Division",IF(N18>=0.6,"Second Division",IF(N18>=0.5,"Third Division",IF(N18>=0.4,"Pass","fail"))))) -> Second Division | P18: =IF($E18>=40,"pass","Fail") -> pass | Q18: =RANK(N18,$N$7:$N$30) -> 20
... A30: 58171 | B30: 24 | C30: Yog Subedi | D30: 8 | E30: 53 | F30: 90 | G30: 97 | H30: 44 | I30: 84 | J30: 69 | K30: 59 | L30: 700 | M30: =SUM(E30:K30) -> 496 | N30: =M30/700 -> 0.70857143 | O30: =IF(N30>=0.8,"Distinction",IF(N30>=0.7,"First Division",IF(N30>=0.6,"Second Division",IF(N30>=0.5,"Third Division",IF(N30>=0.4,"Pass","fail"))))) -> First Division | P30: =IF($E30>=40,"pass","Fail") -> pass | Q30: =RANK(N30,$N$7:$N$30) -> 11

Sheet Result
G5: Br no:
G6: 23344
E10: Grade Sheet
C14: THE MARKS SECURED BY | D14: : | E14: Deepan Ghimire
C15: DATE OF BIRTH: | D15: : | E15: =_xlfn.XLOOKUP(E14,'Student Database'!C7:C30,'Student Database'!A7:A30) -> 58152
C16: ROLL NO | D16: : | E16: =_xlfn.XLOOKUP(E14,'Student Database'!C7:C30,'Student Database'!B7:B30) -> 5
C17: OF | D17: : | E17: SHREEYANTRA COLLEGE
C18: IN THE ANNUAL EXAM OF | D18: : | E18: 2026 AD | F18: ARE GIVEN BELOW
B21: S.n | C21: Subjects | D21: Obtained Marks | F21: Credit hour | G21: Remarks
B22: 1 | C22: Maths | D22: =_xlfn.XLOOKUP($E$14,'Student Database'!$C$7:$C$30,'Student Database'!E7:E30,MATCH(C22,'Student Database'!A5:Q6,0)) -> 66 | F22: 4
B23: 2 | C23: Science | D23: =_xlfn.XLOOKUP($E$14,'Student Database'!$C$7:$C$30,'Student Database'!E8:E31,MATCH(C23,'Student Database'!A6:Q7,0)) -> 59 | F23: 4
B24: 3 | C24: Social Studies | D24: =_xlfn.XLOOKUP($E$14,'Student Database'!$C$7:$C$30,'Student Database'!E9:E32,MATCH(C24,'Student Database'!A7:Q8,0)) -> 58 | F24: 4
B25: 4 | C25: Nepali | D25: =_xlfn.XLOOKUP($E$14,'Student Database'!$C$7:$C$30,'Student Database'!E10:E33,MATCH(C25,'Student Database'!A8:Q9,0)) -> 15 | F25: 4
B26: 5 | C26: Health | D26: =_xlfn.XLOOKUP($E$14,'Student Database'!$C$7:$C$30,'Student Database'!E11:E34,MATCH(C26,'Student Database'!A9:Q10,0)) -> 58 | F26: 4
B27: 6 | C27: English | D27: =_xlfn.XLOOKUP($E$14,'Student Database'!$C$7:$C$30,'Student Database'!E12:E35,MATCH(C27,'Student Database'!A10:Q11,0)) -> 58 | F27: 4
B28: 7 | C28: General knowledge | D28: =_xlfn.XLOOKUP($E$14,'Student Database'!$C$7:$C$30,'Student Database'!E13:E36,MATCH(C28,'Student Database'!A11:Q12,0)) -> 97 | F28: 4
C29: Total | D29: =SUM(D22:E28) -> 411 | F29: =SUM(F22:G28) -> 28
C31: =_xlfn.XLOOKUP(E14,'Student Database'!C7:C30,'Student Database'!N7:N30) -> 0.72714286
C32: =_xlfn.XLOOKUP(E14,'Student Database'!C7:C30,'Student Database'!P7:P30) -> pass
C33: =_xlfn.XLOOKUP(E14,'Student Database'!C7:C30,'Student Database'!Q7:Q30) -> 7
C35: CHECKED BY: | F35: Principle

Sheet Sheet1
